Column,DataType,TotalCount,NonNullCount,NumMissing,MissingPerc,Cardinality,Mode,ModeFreq,Mean,Min,Q25,Q50,Q75,Max,Std
aircraft,object,1266,1266,0,0.0,1265,mcdonnell douglas f-4 phantom ii in uk service,2,,,,,,,
nbBuilt,int64,1266,1266,0,0.0,633,1,69,1252.5355450236966,0.0,32.25,185.0,703.0,43400.0,3618.899937553408
startDate,int64,1266,1266,0,0.0,123,1936,33,1929.436018957346,1.0,1937.0,1951.0,1974.75,2015.0,224.91881595100668
endDate,Int64,1266,997,269,21.25,119,1945,51,1930.3029087261784,1.0,1938.0,1949.0,1979.0,2016.0,227.82675576881053
